[{"model": "admin.logentry", "pk": 1, "fields": {"action_time": "2022-08-08T21:20:04.019Z", "user": 1, "content_type": 7, "object_id": "2", "object_repr": "How are you", "action_flag": 1, "change_message": "[{\"added\": {}}]"}}, {"model": "admin.logentry", "pk": 2, "fields": {"action_time": "2022-08-08T21:20:11.880Z", "user": 1, "content_type": 8, "object_id": "2", "object_repr": "ok", "action_flag": 1, "change_message": "[{\"added\": {}}]"}}, {"model": "admin.logentry", "pk": 3, "fields": {"action_time": "2022-08-08T21:20:24.738Z", "user": 1, "content_type": 7, "object_id": "3", "object_repr": "bok", "action_flag": 1, "change_message": "[{\"added\": {}}]"}}, {"model": "admin.logentry", "pk": 4, "fields": {"action_time": "2022-08-09T07:18:15.883Z", "user": 1, "content_type": 8, "object_id": "7", "object_repr": "Sport", "action_flag": 3, "change_message": ""}}, {"model": "admin.logentry", "pk": 5, "fields": {"action_time": "2022-08-09T07:18:21.684Z", "user": 1, "content_type": 8, "object_id": "6", "object_repr": "Sport", "action_flag": 3, "change_message": ""}}, {"model": "admin.logentry", "pk": 6, "fields": {"action_time": "2022-08-09T07:18:56.177Z", "user": 1, "content_type": 8, "object_id": "4", "object_repr": "Movie", "action_flag": 2, "change_message": "[{\"changed\": {\"fields\": [\"Name\"]}}]"}}, {"model": "admin.logentry", "pk": 7, "fields": {"action_time": "2022-08-09T07:19:05.295Z", "user": 1, "content_type": 8, "object_id": "3", "object_repr": "City", "action_flag": 2, "change_message": "[{\"changed\": {\"fields\": [\"Name\"]}}]"}}, {"model": "admin.logentry", "pk": 8, "fields": {"action_time": "2022-08-09T07:19:13.443Z", "user": 1, "content_type": 8, "object_id": "2", "object_repr": "Subject", "action_flag": 2, "change_message": "[{\"changed\": {\"fields\": [\"Name\"]}}]"}}, {"model": "admin.logentry", "pk": 9, "fields": {"action_time": "2022-08-09T07:19:25.160Z", "user": 1, "content_type": 8, "object_id": "1", "object_repr": "Animal", "action_flag": 2, "change_message": "[{\"changed\": {\"fields\": [\"Name\"]}}]"}}, {"model": "admin.logentry", "pk": 10, "fields": {"action_time": "2022-08-09T07:19:35.469Z", "user": 1, "content_type": 7, "object_id": "3", "object_repr": "Maths", "action_flag": 2, "change_message": "[{\"changed\": {\"fields\": [\"Text\"]}}]"}}, {"model": "admin.logentry", "pk": 11, "fields": {"action_time": "2022-08-09T07:19:47.975Z", "user": 1, "content_type": 7, "object_id": "2", "object_repr": "Cat", "action_flag": 2, "change_message": "[{\"changed\": {\"fields\": [\"Text\"]}}]"}}, {"model": "admin.logentry", "pk": 12, "fields": {"action_time": "2022-08-09T07:19:58.561Z", "user": 1, "content_type": 7, "object_id": "1", "object_repr": "Dog", "action_flag": 2, "change_message": "[{\"changed\": {\"fields\": [\"Text\"]}}]"}}, {"model": "admin.logentry", "pk": 13, "fields": {"action_time": "2022-08-09T10:29:09.810Z", "user": 1, "content_type": 7, "object_id": "8", "object_repr": "Sci", "action_flag": 3, "change_message": ""}}, {"model": "admin.logentry", "pk": 14, "fields": {"action_time": "2022-08-09T10:29:09.825Z", "user": 1, "content_type": 7, "object_id": "7", "object_repr": "Science", "action_flag": 3, "change_message": ""}}, {"model": "admin.logentry", "pk": 15, "fields": {"action_time": "2022-08-09T10:29:09.838Z", "user": 1, "content_type": 7, "object_id": "6", "object_repr": "Science", "action_flag": 3, "change_message": ""}}, {"model": "admin.logentry", "pk": 16, "fields": {"action_time": "2022-08-09T10:29:09.849Z", "user": 1, "content_type": 7, "object_id": "5", "object_repr": "Cow", "action_flag": 3, "change_message": ""}}, {"model": "admin.logentry", "pk": 17, "fields": {"action_time": "2022-08-09T10:29:09.860Z", "user": 1, "content_type": 7, "object_id": "4", "object_repr": "Cat", "action_flag": 3, "change_message": ""}}, {"model": "admin.logentry", "pk": 18, "fields": {"action_time": "2022-08-09T10:29:09.874Z", "user": 1, "content_type": 7, "object_id": "3", "object_repr": "Maths", "action_flag": 3, "change_message": ""}}, {"model": "admin.logentry", "pk": 19, "fields": {"action_time": "2022-08-09T10:29:09.887Z", "user": 1, "content_type": 7, "object_id": "2", "object_repr": "Cat", "action_flag": 3, "change_message": ""}}, {"model": "admin.logentry", "pk": 20, "fields": {"action_time": "2022-08-09T10:29:09.897Z", "user": 1, "content_type": 7, "object_id": "1", "object_repr": "Dog", "action_flag": 3, "change_message": ""}}, {"model": "admin.logentry", "pk": 21, "fields": {"action_time": "2022-08-09T11:13:40.531Z", "user": 1, "content_type": 8, "object_id": "1", "object_repr": "default", "action_flag": 1, "change_message": "[{\"added\": {}}]"}}, {"model": "admin.logentry", "pk": 22, "fields": {"action_time": "2022-08-09T11:13:48.240Z", "user": 1, "content_type": 7, "object_id": "1", "object_repr": "default", "action_flag": 1, "change_message": "[{\"added\": {}}]"}}, {"model": "admin.logentry", "pk": 23, "fields": {"action_time": "2022-08-09T11:14:26.649Z", "user": 1, "content_type": 8, "object_id": "1", "object_repr": "default", "action_flag": 3, "change_message": ""}}, {"model": "admin.logentry", "pk": 24, "fields": {"action_time": "2022-08-09T11:14:35.082Z", "user": 1, "content_type": 7, "object_id": "1", "object_repr": "default", "action_flag": 3, "change_message": ""}}, {"model": "admin.logentry", "pk": 25, "fields": {"action_time": "2022-08-09T11:16:27.495Z", "user": 1, "content_type": 8, "object_id": "2", "object_repr": "Subject", "action_flag": 1, "change_message": "[{\"added\": {}}]"}}, {"model": "admin.logentry", "pk": 26, "fields": {"action_time": "2022-08-09T11:16:41.009Z", "user": 1, "content_type": 7, "object_id": "1", "object_repr": "India", "action_flag": 1, "change_message": "[{\"added\": {}}]"}}, {"model": "admin.logentry", "pk": 27, "fields": {"action_time": "2022-08-09T12:55:24.990Z", "user": 1, "content_type": 13, "object_id": "1", "object_repr": "Google API", "action_flag": 1, "change_message": "[{\"added\": {}}]"}}, {"model": "admin.logentry", "pk": 28, "fields": {"action_time": "2022-08-09T12:56:29.851Z", "user": 1, "content_type": 9, "object_id": "1", "object_repr": "localhost:8000", "action_flag": 2, "change_message": "[{\"changed\": {\"fields\": [\"Domain name\", \"Display name\"]}}]"}}, {"model": "admin.logentry", "pk": 29, "fields": {"action_time": "2022-08-10T04:24:33.615Z", "user": 1, "content_type": 10, "object_id": "16", "object_repr": "shri@22.com", "action_flag": 2, "change_message": "[{\"changed\": {\"fields\": [\"Verified\"]}}]"}}, {"model": "auth.permission", "pk": 1, "fields": {"name": "Can add log entry", "content_type": 1, "codename": "add_logentry"}}, {"model": "auth.permission", "pk": 2, "fields": {"name": "Can change log entry", "content_type": 1, "codename": "change_logentry"}}, {"model": "auth.permission", "pk": 3, "fields": {"name": "Can delete log entry", "content_type": 1, "codename": "delete_logentry"}}, {"model": "auth.permission", "pk": 4, "fields": {"name": "Can view log entry", "content_type": 1, "codename": "view_logentry"}}, {"model": "auth.permission", "pk": 5, "fields": {"name": "Can add permission", "content_type": 2, "codename": "add_permission"}}, {"model": "auth.permission", "pk": 6, "fields": {"name": "Can change permission", "content_type": 2, "codename": "change_permission"}}, {"model": "auth.permission", "pk": 7, "fields": {"name": "Can delete permission", "content_type": 2, "codename": "delete_permission"}}, {"model": "auth.permission", "pk": 8, "fields": {"name": "Can view permission", "content_type": 2, "codename": "view_permission"}}, {"model": "auth.permission", "pk": 9, "fields": {"name": "Can add group", "content_type": 3, "codename": "add_group"}}, {"model": "auth.permission", "pk": 10, "fields": {"name": "Can change group", "content_type": 3, "codename": "change_group"}}, {"model": "auth.permission", "pk": 11, "fields": {"name": "Can delete group", "content_type": 3, "codename": "delete_group"}}, {"model": "auth.permission", "pk": 12, "fields": {"name": "Can view group", "content_type": 3, "codename": "view_group"}}, {"model": "auth.permission", "pk": 13, "fields": {"name": "Can add user", "content_type": 4, "codename": "add_user"}}, {"model": "auth.permission", "pk": 14, "fields": {"name": "Can change user", "content_type": 4, "codename": "change_user"}}, {"model": "auth.permission", "pk": 15, "fields": {"name": "Can delete user", "content_type": 4, "codename": "delete_user"}}, {"model": "auth.permission", "pk": 16, "fields": {"name": "Can view user", "content_type": 4, "codename": "view_user"}}, {"model": "auth.permission", "pk": 17, "fields": {"name": "Can add content type", "content_type": 5, "codename": "add_contenttype"}}, {"model": "auth.permission", "pk": 18, "fields": {"name": "Can change content type", "content_type": 5, "codename": "change_contenttype"}}, {"model": "auth.permission", "pk": 19, "fields": {"name": "Can delete content type", "content_type": 5, "codename": "delete_contenttype"}}, {"model": "auth.permission", "pk": 20, "fields": {"name": "Can view content type", "content_type": 5, "codename": "view_contenttype"}}, {"model": "auth.permission", "pk": 21, "fields": {"name": "Can add session", "content_type": 6, "codename": "add_session"}}, {"model": "auth.permission", "pk": 22, "fields": {"name": "Can change session", "content_type": 6, "codename": "change_session"}}, {"model": "auth.permission", "pk": 23, "fields": {"name": "Can delete session", "content_type": 6, "codename": "delete_session"}}, {"model": "auth.permission", "pk": 24, "fields": {"name": "Can view session", "content_type": 6, "codename": "view_session"}}, {"model": "auth.permission", "pk": 25, "fields": {"name": "Can add item", "content_type": 7, "codename": "add_item"}}, {"model": "auth.permission", "pk": 26, "fields": {"name": "Can change item", "content_type": 7, "codename": "change_item"}}, {"model": "auth.permission", "pk": 27, "fields": {"name": "Can delete item", "content_type": 7, "codename": "delete_item"}}, {"model": "auth.permission", "pk": 28, "fields": {"name": "Can view item", "content_type": 7, "codename": "view_item"}}, {"model": "auth.permission", "pk": 29, "fields": {"name": "Can add info", "content_type": 8, "codename": "add_info"}}, {"model": "auth.permission", "pk": 30, "fields": {"name": "Can change info", "content_type": 8, "codename": "change_info"}}, {"model": "auth.permission", "pk": 31, "fields": {"name": "Can delete info", "content_type": 8, "codename": "delete_info"}}, {"model": "auth.permission", "pk": 32, "fields": {"name": "Can view info", "content_type": 8, "codename": "view_info"}}, {"model": "auth.permission", "pk": 33, "fields": {"name": "Can add site", "content_type": 9, "codename": "add_site"}}, {"model": "auth.permission", "pk": 34, "fields": {"name": "Can change site", "content_type": 9, "codename": "change_site"}}, {"model": "auth.permission", "pk": 35, "fields": {"name": "Can delete site", "content_type": 9, "codename": "delete_site"}}, {"model": "auth.permission", "pk": 36, "fields": {"name": "Can view site", "content_type": 9, "codename": "view_site"}}, {"model": "auth.permission", "pk": 37, "fields": {"name": "Can add email address", "content_type": 10, "codename": "add_emailaddress"}}, {"model": "auth.permission", "pk": 38, "fields": {"name": "Can change email address", "content_type": 10, "codename": "change_emailaddress"}}, {"model": "auth.permission", "pk": 39, "fields": {"name": "Can delete email address", "content_type": 10, "codename": "delete_emailaddress"}}, {"model": "auth.permission", "pk": 40, "fields": {"name": "Can view email address", "content_type": 10, "codename": "view_emailaddress"}}, {"model": "auth.permission", "pk": 41, "fields": {"name": "Can add email confirmation", "content_type": 11, "codename": "add_emailconfirmation"}}, {"model": "auth.permission", "pk": 42, "fields": {"name": "Can change email confirmation", "content_type": 11, "codename": "change_emailconfirmation"}}, {"model": "auth.permission", "pk": 43, "fields": {"name": "Can delete email confirmation", "content_type": 11, "codename": "delete_emailconfirmation"}}, {"model": "auth.permission", "pk": 44, "fields": {"name": "Can view email confirmation", "content_type": 11, "codename": "view_emailconfirmation"}}, {"model": "auth.permission", "pk": 45, "fields": {"name": "Can add social account", "content_type": 12, "codename": "add_socialaccount"}}, {"model": "auth.permission", "pk": 46, "fields": {"name": "Can change social account", "content_type": 12, "codename": "change_socialaccount"}}, {"model": "auth.permission", "pk": 47, "fields": {"name": "Can delete social account", "content_type": 12, "codename": "delete_socialaccount"}}, {"model": "auth.permission", "pk": 48, "fields": {"name": "Can view social account", "content_type": 12, "codename": "view_socialaccount"}}, {"model": "auth.permission", "pk": 49, "fields": {"name": "Can add social application", "content_type": 13, "codename": "add_socialapp"}}, {"model": "auth.permission", "pk": 50, "fields": {"name": "Can change social application", "content_type": 13, "codename": "change_socialapp"}}, {"model": "auth.permission", "pk": 51, "fields": {"name": "Can delete social application", "content_type": 13, "codename": "delete_socialapp"}}, {"model": "auth.permission", "pk": 52, "fields": {"name": "Can view social application", "content_type": 13, "codename": "view_socialapp"}}, {"model": "auth.permission", "pk": 53, "fields": {"name": "Can add social application token", "content_type": 14, "codename": "add_socialtoken"}}, {"model": "auth.permission", "pk": 54, "fields": {"name": "Can change social application token", "content_type": 14, "codename": "change_socialtoken"}}, {"model": "auth.permission", "pk": 55, "fields": {"name": "Can delete social application token", "content_type": 14, "codename": "delete_socialtoken"}}, {"model": "auth.permission", "pk": 56, "fields": {"name": "Can view social application token", "content_type": 14, "codename": "view_socialtoken"}}, {"model": "auth.user", "pk": 1, "fields": {"password": "pbkdf2_sha256$260000$sFw6GY6U2Tr3w9gBbf1EcP$HzLrRGe15EQievKiEkqiRyM0gx4m2eIc8hx+9iPdjLA=", "last_login": "2022-08-10T14:02:45.546Z", "is_superuser": true, "username": "shri", "first_name": "", "last_name": "", "email": "patil.shrivardhanc.cd.cse20@gmail.com", "is_staff": true, "is_active": true, "date_joined": "2022-08-08T18:27:44.506Z", "groups": [], "user_permissions": []}}, {"model": "auth.user", "pk": 2, "fields": {"password": "pbkdf2_sha256$260000$7SmElwlakgtUXYUTov40Ue$lN+IKXUt6TfipqCFLWy2pP1E6StSstwGCYseqD5EkVg=", "last_login": null, "is_superuser": false, "username": "raj", "first_name": "", "last_name": "", "email": "", "is_staff": false, "is_active": true, "date_joined": "2022-08-09T08:17:46.806Z", "groups": [], "user_permissions": []}}, {"model": "auth.user", "pk": 3, "fields": {"password": "pbkdf2_sha256$260000$TaH3o5CvQKF27g9HQj2RGy$zx8p95cAYdkMXaw3tF/oPQg9/saRvafxpNljciKqutM=", "last_login": "2022-08-10T13:51:11.697Z", "is_superuser": false, "username": "yash", "first_name": "", "last_name": "", "email": "velsamin815@gmail.com", "is_staff": false, "is_active": true, "date_joined": "2022-08-09T09:04:50.964Z", "groups": [], "user_permissions": []}}, {"model": "auth.user", "pk": 4, "fields": {"password": "pbkdf2_sha256$260000$dgJrIIK94TuvGqUj9Wu8Kk$4/N0s+pbdJwseHtV8WyzAxRj1dmwOoIEBBfU93/ZwZg=", "last_login": "2022-08-09T11:51:58.483Z", "is_superuser": false, "username": "ayush", "first_name": "", "last_name": "", "email": "velsamin815@gmail.com", "is_staff": false, "is_active": true, "date_joined": "2022-08-09T09:06:16.970Z", "groups": [], "user_permissions": []}}, {"model": "auth.user", "pk": 5, "fields": {"password": "!c3tY22AvTKX6SK5eP6w65pfVcjvXnMEAye3BvJKa", "last_login": "2022-08-10T03:43:31.165Z", "is_superuser": false, "username": "shrivardhan", "first_name": "Shrivardhan", "last_name": "Patil", "email": "w1@gmail.com", "is_staff": false, "is_active": true, "date_joined": "2022-08-09T13:02:37.783Z", "groups": [], "user_permissions": []}}, {"model": "auth.user", "pk": 6, "fields": {"password": "!31wxhIWHCbcU3hCNcXbO4gvXYpDfs9cDPyg5kjS7", "last_login": "2022-08-10T14:11:07.810Z", "is_superuser": false, "username": "mr._patil_shrivardhan_chandrakant", "first_name": "Mr. Patil Shrivardhan Chandrakant", "last_name": "5-Year IDD Computer Science and Engineering", "email": "patil.shrivardhanc.cd.cse20@itbhu.ac.in", "is_staff": false, "is_active": true, "date_joined": "2022-08-09T13:08:27.808Z", "groups": [], "user_permissions": []}}, {"model": "auth.user", "pk": 7, "fields": {"password": "pbkdf2_sha256$260000$uiPIJwtDIerUfc3x3fdHXN$gmjw62D29NyIq/SOYnLhdBqY6nNuDVs9RbowdmUBXMI=", "last_login": null, "is_superuser": false, "username": "arsh", "first_name": "Arsh", "last_name": "Kumar", "email": "a@b.com", "is_staff": false, "is_active": true, "date_joined": "2022-08-09T13:35:15.410Z", "groups": [], "user_permissions": []}}, {"model": "auth.user", "pk": 8, "fields": {"password": "pbkdf2_sha256$260000$UgcBhAs0e9xgAqlwrlvm5r$p0NaZI7DqHUWZ3ckVS/LwM2UyX4DypbcDrtjp76Ndt4=", "last_login": null, "is_superuser": false, "username": "war", "first_name": "war", "last_name": "swaq", "email": "a@b.com", "is_staff": false, "is_active": true, "date_joined": "2022-08-09T13:42:13.228Z", "groups": [], "user_permissions": []}}, {"model": "auth.user", "pk": 9, "fields": {"password": "!pFWJbakgaHiTK8voK45oIadFZ2nUkTDV2XaonbRH", "last_login": "2022-08-10T13:45:45.902Z", "is_superuser": false, "username": "ashri", "first_name": "ashri", "last_name": "b", "email": "", "is_staff": false, "is_active": true, "date_joined": "2022-08-10T03:50:53.878Z", "groups": [], "user_permissions": []}}, {"model": "auth.user", "pk": 10, "fields": {"password": "!htDaSPqbEffeA2LDU5msdU7029OktiCbJxCsLdi6", "last_login": "2022-08-10T04:13:22.015Z", "is_superuser": false, "username": "shrivardhan9", "first_name": "SHRIVARDHAN", "last_name": "PATIL", "email": "shri@22.com", "is_staff": false, "is_active": true, "date_joined": "2022-08-10T03:52:40.286Z", "groups": [], "user_permissions": []}}, {"model": "auth.user", "pk": 11, "fields": {"password": "pbkdf2_sha256$260000$AvvIxEIQlm5WXHNRnGFLJt$FCuugxO3rfjakAI4Zb4FIJym3C3x4UUvZs5AsqeYMUM=", "last_login": "2022-08-10T04:30:07.453Z", "is_superuser": false, "username": "q1", "first_name": "", "last_name": "", "email": "q1@g.com", "is_staff": false, "is_active": true, "date_joined": "2022-08-10T04:28:19.532Z", "groups": [], "user_permissions": []}}, {"model": "auth.user", "pk": 12, "fields": {"password": "pbkdf2_sha256$260000$96pKtY89BiQMsglFZO2dyC$Lq1vm37CyTcYvYRECbU/1PP3YdB0RjIYMQ/rg9fzde0=", "last_login": "2022-08-10T04:33:04.562Z", "is_superuser": false, "username": "q11", "first_name": "", "last_name": "", "email": "a@b.com", "is_staff": false, "is_active": true, "date_joined": "2022-08-10T04:30:46.788Z", "groups": [], "user_permissions": []}}, {"model": "auth.user", "pk": 13, "fields": {"password": "pbkdf2_sha256$260000$m8SEDh4tJ85KEWxKLtP7kL$Pk35G1PlmHMccug3aRv2UPC7xVqPaGOy5j5sN+FTZis=", "last_login": "2022-08-10T04:33:54.449Z", "is_superuser": false, "username": "w2", "first_name": "", "last_name": "", "email": "a@b.com", "is_staff": false, "is_active": true, "date_joined": "2022-08-10T04:33:37.275Z", "groups": [], "user_permissions": []}}, {"model": "auth.user", "pk": 14, "fields": {"password": "pbkdf2_sha256$260000$EQwGMqgMPeajuRy6bby92Q$8EStqwa90NmNywqQxcxIB3uFZOLbFTK5f72wCZc1Ihk=", "last_login": "2022-08-10T13:54:36.891Z", "is_superuser": false, "username": "kedar", "first_name": "", "last_name": "", "email": "velsamin815@gmail.com", "is_staff": false, "is_active": true, "date_joined": "2022-08-10T13:54:24.626Z", "groups": [], "user_permissions": []}}, {"model": "auth.user", "pk": 15, "fields": {"password": "pbkdf2_sha256$260000$fgP29BkVcPqFgX0wvWMApq$bN5guipPpXZPQnNhSHMuSzdTuz5ZkF95dsYE1Qd1at4=", "last_login": "2022-08-10T14:01:55.593Z", "is_superuser": false, "username": "shrey", "first_name": "", "last_name": "", "email": "velsamin815@gmail.com", "is_staff": false, "is_active": true, "date_joined": "2022-08-10T14:01:49.476Z", "groups": [], "user_permissions": []}}, {"model": "auth.user", "pk": 16, "fields": {"password": "pbkdf2_sha256$260000$qT60QoFB1RuEFyZDyUlDiE$DAZwdx4zQDEULY4LySOZ7lc6G52/W03hevLbA2ERs4U=", "last_login": "2022-08-10T14:03:42.514Z", "is_superuser": false, "username": "raju", "first_name": "", "last_name": "", "email": "a11@b.com", "is_staff": false, "is_active": true, "date_joined": "2022-08-10T14:03:42.065Z", "groups": [], "user_permissions": []}}, {"model": "auth.user", "pk": 17, "fields": {"password": "pbkdf2_sha256$260000$2Hrw1PxnstVX6alRZJMlWn$D/GhMOiCfXOuH2+x+t2y0kInbDO2VVxS7RoW0lcS/5A=", "last_login": "2022-08-10T14:13:00.116Z", "is_superuser": false, "username": "lala", "first_name": "", "last_name": "", "email": "patil.shrivardhanc.cd.cse20@itbhu.ac.in", "is_staff": false, "is_active": true, "date_joined": "2022-08-10T14:12:04.765Z", "groups": [], "user_permissions": []}}, {"model": "auth.user", "pk": 18, "fields": {"password": "pbkdf2_sha256$260000$7nxnqcSgwXoGkpi8odeiVC$ymObqRKqTWNzxrLlcnh8P4L+2Hifam86iiOrx6hDPJA=", "last_login": null, "is_superuser": false, "username": "gala", "first_name": "", "last_name": "", "email": "patil.shrivardhanc.cd.cse20@itbhu.ac.in", "is_staff": false, "is_active": true, "date_joined": "2022-08-10T14:12:47.708Z", "groups": [], "user_permissions": []}}, {"model": "auth.user", "pk": 19, "fields": {"password": "pbkdf2_sha256$260000$4d21RgwjxHnIbzmQtkbhXn$uK3qZRsYvOHmzo3RGWg+QRnDi6NdByD8A0ABE8AVjK0=", "last_login": null, "is_superuser": false, "username": "qq", "first_name": "", "last_name": "", "email": "patil.shrivardhanc.cd.cse20@itbhu.ac.in", "is_staff": false, "is_active": true, "date_joined": "2022-08-10T14:16:26.276Z", "groups": [], "user_permissions": []}}, {"model": "contenttypes.contenttype", "pk": 1, "fields": {"app_label": "admin", "model": "logentry"}}, {"model": "contenttypes.contenttype", "pk": 2, "fields": {"app_label": "auth", "model": "permission"}}, {"model": "contenttypes.contenttype", "pk": 3, "fields": {"app_label": "auth", "model": "group"}}, {"model": "contenttypes.contenttype", "pk": 4, "fields": {"app_label": "auth", "model": "user"}}, {"model": "contenttypes.contenttype", "pk": 5, "fields": {"app_label": "contenttypes", "model": "contenttype"}}, {"model": "contenttypes.contenttype", "pk": 6, "fields": {"app_label": "sessions", "model": "session"}}, {"model": "contenttypes.contenttype", "pk": 7, "fields": {"app_label": "main", "model": "item"}}, {"model": "contenttypes.contenttype", "pk": 8, "fields": {"app_label": "main", "model": "info"}}, {"model": "contenttypes.contenttype", "pk": 9, "fields": {"app_label": "sites", "model": "site"}}, {"model": "contenttypes.contenttype", "pk": 10, "fields": {"app_label": "account", "model": "emailaddress"}}, {"model": "contenttypes.contenttype", "pk": 11, "fields": {"app_label": "account", "model": "emailconfirmation"}}, {"model": "contenttypes.contenttype", "pk": 12, "fields": {"app_label": "socialaccount", "model": "socialaccount"}}, {"model": "contenttypes.contenttype", "pk": 13, "fields": {"app_label": "socialaccount", "model": "socialapp"}}, {"model": "contenttypes.contenttype", "pk": 14, "fields": {"app_label": "socialaccount", "model": "socialtoken"}}, {"model": "sessions.session", "pk": "4eg7bn9uyl3veo9qc9wkcy93ukh5qpx6", "fields": {"session_data": ".eJxVjMsOwiAQRf-FtSEUKA-X7v2GZpgZpGogKe3K-O_apAvd3nPOfYkJtrVMW-dlmkmcxSBOv1sCfHDdAd2h3prEVtdlTnJX5EG7vDbi5-Vw_w4K9PKtvaKBFTr0XoM1KmSMgTQ651EFHoO1QKNKkRmcNynrUcdsYjI2U8Qk3h_cvDgS:1oLdGK:-Z5NTw0TBr4HRzol1aidv4HJjr16n3v3Zt6JVmkzsHo", "expire_date": "2022-08-24T04:24:08.550Z"}}, {"model": "sites.site", "pk": 1, "fields": {"domain": "localhost:8000", "name": "local"}}, {"model": "main.info", "pk": 2, "fields": {"name": "Subject"}}, {"model": "main.info", "pk": 3, "fields": {"name": "Sport"}}, {"model": "main.item", "pk": 1, "fields": {"info": 2, "text": "India"}}, {"model": "main.item", "pk": 2, "fields": {"info": 2, "text": "Arab"}}, {"model": "main.item", "pk": 3, "fields": {"info": 3, "text": "Cat"}}, {"model": "main.item", "pk": 4, "fields": {"info": 2, "text": "ffgfgfg"}}, {"model": "main.item", "pk": 5, "fields": {"info": 2, "text": "cj,fvnc,v"}}, {"model": "main.item", "pk": 6, "fields": {"info": 2, "text": "cj,fvnc,v"}}, {"model": "main.item", "pk": 7, "fields": {"info": 3, "text": "fgdsd"}}, {"model": "main.item", "pk": 8, "fields": {"info": 3, "text": "sdjk,fng,"}}, {"model": "account.emailaddress", "pk": 1, "fields": {"user": 5, "email": "w1@gmail.com", "verified": false, "primary": true}}, {"model": "account.emailaddress", "pk": 8, "fields": {"user": 1, "email": "patil.shrivardhanc.cd.cse20@gmail.com", "verified": false, "primary": false}}, {"model": "account.emailaddress", "pk": 16, "fields": {"user": 10, "email": "shri@22.com", "verified": true, "primary": true}}, {"model": "account.emailaddress", "pk": 19, "fields": {"user": 3, "email": "velsamin815@gmail.com", "verified": false, "primary": true}}, {"model": "account.emailaddress", "pk": 20, "fields": {"user": 3, "email": "shri@ww.com", "verified": false, "primary": false}}, {"model": "account.emailaddress", "pk": 21, "fields": {"user": 16, "email": "a11@b.com", "verified": false, "primary": true}}, {"model": "account.emailaddress", "pk": 22, "fields": {"user": 6, "email": "patil.shrivardhanc.cd.cse20@itbhu.ac.in", "verified": false, "primary": true}}, {"model": "socialaccount.socialapp", "pk": 1, "fields": {"provider": "google", "name": "Google API", "client_id": "131571423279-mpgdh8pe7mhclfobpkicgr5oa5igb7e5.apps.googleusercontent.com", "secret": "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", "key": "", "sites": [1]}}, {"model": "socialaccount.socialaccount", "pk": 1, "fields": {"user": 5, "provider": "google", "uid": "108961502634596581681", "last_login": "2022-08-10T03:43:31.107Z", "date_joined": "2022-08-09T13:02:37.844Z", "extra_data": "{\"id\": \"108961502634596581681\", \"name\": \"Shrivardhan Patil\", \"given_name\": \"Shrivardhan\", \"family_name\": \"Patil\", \"picture\": \"https://lh3.googleusercontent.com/a/AItbvmlKAxsvtpBcFdQBSkYA3e4AKtGHYyAMFTnmQUCB=s96-c\", \"locale\": \"en\"}"}}, {"model": "socialaccount.socialaccount", "pk": 2, "fields": {"user": 6, "provider": "google", "uid": "114020691651468483935", "last_login": "2022-08-10T14:11:07.767Z", "date_joined": "2022-08-09T13:08:27.825Z", "extra_data": "{\"id\": \"114020691651468483935\", \"email\": \"patil.shrivardhanc.cd.cse20@itbhu.ac.in\", \"verified_email\": true, \"name\": \"Mr. Patil Shrivardhan Chandrakant 5-Year IDD Computer Science and Engineering\", \"given_name\": \"Mr. Patil Shrivardhan Chandrakant\", \"family_name\": \"5-Year IDD Computer Science and Engineering\", \"picture\": \"https://lh3.googleusercontent.com/a-/AFdZucrAHi-KyS4Qm2ngcKHEMLAEUwvRvo9oE9NFUack=s96-c\", \"locale\": \"en\", \"hd\": \"itbhu.ac.in\"}"}}, {"model": "socialaccount.socialaccount", "pk": 3, "fields": {"user": 9, "provider": "google", "uid": "100035119397568465576", "last_login": "2022-08-10T13:45:45.853Z", "date_joined": "2022-08-10T03:50:53.916Z", "extra_data": "{\"id\": \"100035119397568465576\", \"name\": \"ashri b\", \"given_name\": \"ashri\", \"family_name\": \"b\", \"picture\": \"https://lh3.googleusercontent.com/a/AItbvmnQAi_CuKHsdO84amMSDzqbXaPbUTdgdk3aUBIP=s96-c\", \"locale\": \"en\"}"}}, {"model": "socialaccount.socialaccount", "pk": 4, "fields": {"user": 10, "provider": "google", "uid": "118144107384579293921", "last_login": "2022-08-10T04:13:21.983Z", "date_joined": "2022-08-10T03:52:40.321Z", "extra_data": "{\"id\": \"118144107384579293921\", \"email\": \"shrivardhanpatil1@gmail.com\", \"verified_email\": true, \"name\": \"SHRIVARDHAN PATIL\", \"given_name\": \"SHRIVARDHAN\", \"family_name\": \"PATIL\", \"picture\": \"https://lh3.googleusercontent.com/a-/AFdZuco7_Kt6euBLwVomHhFJgAgEnOK_yrNWB4tTBVkw=s96-c\", \"locale\": \"en-GB\"}"}}]